{
  "FilterHeaders": [
    {
      "Header": "x-goog-update-updater",
      "IncludeInScript": false
    },
    {
      "Header": "x-goog-update-interactivity",
      "IncludeInScript": false
    },
    {
      "Header": "x-goog-update-appid",
      "IncludeInScript": false
    },
    {
      "Header": "user-agent",
      "IncludeInScript": false
    },
    {
      "Header": "upgrade-insecure-requests",
      "IncludeInScript": false
    },
    {
      "Header": "service-worker",
      "IncludeInScript": false
    },
    {
      "Header": "sec-fetch-user",
      "IncludeInScript": false
    },
    {
      "Header": "sec-fetch-site",
      "IncludeInScript": false
    },
    {
      "Header": "sec-fetch-mode",
      "IncludeInScript": false
    },
    {
      "Header": "sec-fetch-dest",
      "IncludeInScript": false
    },
    {
      "Header": "sec-ch-ua-platform",
      "IncludeInScript": false
    },
    {
      "Header": "sec-ch-ua-mobile",
      "IncludeInScript": false
    },
    {
      "Header": "sec-ch-ua",
      "IncludeInScript": false
    },
    {
      "Header": "pragma",
      "IncludeInScript": false
    },
    {
      "Header": "origin",
      "IncludeInScript": false
    },
    {
      "Header": "if-none-match",
      "IncludeInScript": false
    },
    {
      "Header": "cache-control",
      "IncludeInScript": false
    },
    {
      "Header": "access-control-request-method",
      "IncludeInScript": false
    },
    {
      "Header": "access-control-request-headers",
      "IncludeInScript": false
    },
    {
      "Header": "accept-language",
      "IncludeInScript": false
    },
    {
      "Header": "accept-encoding",
      "IncludeInScript": false
    },
    {
      "Header": "accept",
      "IncludeInScript": false
    },
    {
      "Header": "a-im",
      "IncludeInScript": false
    }
  ],
  "FilterResources": [
    {
      "IsNonResource": true,
      "type": "text/html"
    },
    {
      "IsNonResource": false,
      "type": "text/css"
    },
    {
      "IsNonResource": false,
      "type": "image/vnd.microsoft.icon"
    },
    {
      "IsNonResource": false,
      "type": "image/svg+xml"
    },
    {
      "IsNonResource": false,
      "type": "image/jpeg"
    },
    {
      "IsNonResource": true,
      "type": "application/json"
    },
    {
      "IsNonResource": false,
      "type": "application/javascript"
    }
  ],
  "GeneralInfo": {
    "BrowserVersion": "",
    "IsWinInetMode": false,
    "MaxUsedConnections": 21,
    "RecordedBrowser": "Chrome",
    "RecordingDate": "Feb-26-2024",
    "RecordingDuration": 104203,
    "RecordingMode": "N/A",
    "RecordingTimeStamp": 1708938659,
    "RecordingType": "Browser",
    "TotalBytesReceived": 435228,
    "TotalBytesSent": 43071,
    "TotalRequests": 41,
    "UserAgent": "Mozilla/5.0 (Windows NT 10.0; Win64; x64) AppleWebKit/537.36 (KHTML, like Gecko) Chrome/122.0.0.0 Safari/537.36"
  },
  "HostInfo": [
    {
      "DomainName": "saucedemo.com",
      "Domains": [
        {
          "HTTPVersion": "HTTP/1.1",
          "IP": "185.199.111.153",
          "IncludeInScript": true,
          "Name": "www.saucedemo.com",
          "Port": 443,
          "Requests": [
            {
              "CompressionType": "gzip",
              "DataType": "image/vnd.microsoft.icon",
              "DownloadTime": 47,
              "EventId": 391,
              "HttpStatus": 200,
              "Size": 2138,
              "URL": "https://www.saucedemo.com/favicon.ico"
            },
            {
              "CompressionType": "gzip",
              "DataType": "image/vnd.microsoft.icon",
              "DownloadTime": 31,
              "EventId": 387,
              "HttpStatus": 200,
              "Size": 2138,
              "URL": "https://www.saucedemo.com/favicon.ico"
            },
            {
              "CompressionType": "gzip",
              "DataType": "image/vnd.microsoft.icon",
              "DownloadTime": 31,
              "EventId": 383,
              "HttpStatus": 200,
              "Size": 2138,
              "URL": "https://www.saucedemo.com/favicon.ico"
            },
            {
              "CompressionType": "gzip",
              "DataType": "image/vnd.microsoft.icon",
              "DownloadTime": 31,
              "EventId": 376,
              "HttpStatus": 200,
              "Size": 2138,
              "URL": "https://www.saucedemo.com/favicon.ico"
            },
            {
              "CompressionType": "gzip",
              "DataType": "image/vnd.microsoft.icon",
              "DownloadTime": 297,
              "EventId": 372,
              "HttpStatus": 200,
              "Size": 2138,
              "URL": "https://www.saucedemo.com/favicon.ico"
            },
            {
              "CompressionType": "gzip",
              "DataType": "image/vnd.microsoft.icon",
              "DownloadTime": 31,
              "EventId": 332,
              "HttpStatus": 200,
              "Size": 2138,
              "URL": "https://www.saucedemo.com/favicon.ico"
            },
            {
              "CompressionType": "",
              "DataType": "image/jpeg",
              "DownloadTime": 46,
              "EventId": 254,
              "HttpStatus": 200,
              "Size": 30463,
              "URL": "https://www.saucedemo.com/static/media/red-tatt-1200x1500.30dadef4.jpg"
            },
            {
              "CompressionType": "",
              "DataType": "image/jpeg",
              "DownloadTime": 46,
              "EventId": 251,
              "HttpStatus": 200,
              "Size": 50028,
              "URL": "https://www.saucedemo.com/static/media/sauce-pullover-1200x1500.51d7ffaf.jpg"
            },
            {
              "CompressionType": "",
              "DataType": "image/jpeg",
              "DownloadTime": 31,
              "EventId": 249,
              "HttpStatus": 200,
              "Size": 18574,
              "URL": "https://www.saucedemo.com/static/media/red-onesie-1200x1500.2ec615b2.jpg"
            },
            {
              "CompressionType": "",
              "DataType": "image/jpeg",
              "DownloadTime": 15,
              "EventId": 242,
              "HttpStatus": 200,
              "Size": 65641,
              "URL": "https://www.saucedemo.com/static/media/sl-404.168b1cce.jpg"
            },
            {
              "CompressionType": "",
              "DataType": "image/jpeg",
              "DownloadTime": 15,
              "EventId": 224,
              "HttpStatus": 200,
              "Size": 14983,
              "URL": "https://www.saucedemo.com/static/media/bolt-shirt-1200x1500.c2599ac5.jpg"
            },
            {
              "CompressionType": "gzip",
              "DataType": "image/svg+xml",
              "DownloadTime": 15,
              "EventId": 220,
              "HttpStatus": 200,
              "Size": 279,
              "URL": "https://www.saucedemo.com/static/media/filter3x.2943df5b.svg"
            },
            {
              "CompressionType": "gzip",
              "DataType": "image/svg+xml",
              "DownloadTime": 16,
              "EventId": 216,
              "HttpStatus": 200,
              "Size": 234,
              "URL": "https://www.saucedemo.com/static/media/arrow3x.4b825b78.svg"
            },
            {
              "CompressionType": "gzip",
              "DataType": "image/vnd.microsoft.icon",
              "DownloadTime": 15,
              "EventId": 213,
              "HttpStatus": 200,
              "Size": 2138,
              "URL": "https://www.saucedemo.com/favicon.ico"
            },
            {
              "CompressionType": "",
              "DataType": "image/jpeg",
              "DownloadTime": 15,
              "EventId": 207,
              "HttpStatus": 200,
              "Size": 11975,
              "URL": "https://www.saucedemo.com/static/media/bike-light-1200x1500.37c843b0.jpg"
            },
            {
              "CompressionType": "gzip",
              "DataType": "image/svg+xml",
              "DownloadTime": 16,
              "EventId": 202,
              "HttpStatus": 200,
              "Size": 527,
              "URL": "https://www.saucedemo.com/static/media/cart3x.3669d74a.svg"
            },
            {
              "CompressionType": "gzip",
              "DataType": "image/svg+xml",
              "DownloadTime": 16,
              "EventId": 195,
              "HttpStatus": 200,
              "Size": 345,
              "URL": "https://www.saucedemo.com/static/media/close@3x.a30a8a1d.svg"
            },
            {
              "CompressionType": "gzip",
              "DataType": "image/svg+xml",
              "DownloadTime": 16,
              "EventId": 182,
              "HttpStatus": 200,
              "Size": 355,
              "URL": "https://www.saucedemo.com/static/media/menu3x.52cc17a3.svg"
            },
            {
              "CompressionType": "gzip",
              "DataType": "application/javascript",
              "DownloadTime": 16,
              "EventId": 109,
              "HttpStatus": 200,
              "Size": 13467,
              "URL": "https://www.saucedemo.com/service-worker.js"
            },
            {
              "CompressionType": "gzip",
              "DataType": "image/vnd.microsoft.icon",
              "DownloadTime": 15,
              "EventId": 105,
              "HttpStatus": 200,
              "Size": 2138,
              "URL": "https://www.saucedemo.com/favicon.ico"
            },
            {
              "CompressionType": "gzip",
              "DataType": "application/javascript",
              "DownloadTime": 16,
              "EventId": 79,
              "HttpStatus": 200,
              "Size": 21411,
              "URL": "https://www.saucedemo.com/static/js/main.9735b7ab.chunk.js"
            },
            {
              "CompressionType": "gzip",
              "DataType": "application/javascript",
              "DownloadTime": 32,
              "EventId": 64,
              "HttpStatus": 200,
              "Size": 175755,
              "URL": "https://www.saucedemo.com/static/js/2.9b02e67e.chunk.js"
            },
            {
              "CompressionType": "gzip",
              "DataType": "text/css",
              "DownloadTime": 16,
              "EventId": 50,
              "HttpStatus": 200,
              "Size": 11075,
              "URL": "https://www.saucedemo.com/static/css/main.d9c3792d.chunk.css"
            },
            {
              "CompressionType": "gzip",
              "DataType": "text/html",
              "DownloadTime": 16,
              "EventId": 46,
              "HttpStatus": 200,
              "Size": 1299,
              "URL": "https://www.saucedemo.com/"
            }
          ],
          "SSLCipher": "TLS_AES_128_GCM_SHA256",
          "SSLVersion": "TLS1.3"
        }
      ],
      "IncludeInScript": true
    },
    {
      "DomainName": "gstatic.com",
      "Domains": [
        {
          "HTTPVersion": "HTTP/1.1",
          "IP": "142.250.195.131",
          "IncludeInScript": true,
          "Name": "www.gstatic.com",
          "Port": 80,
          "Requests": [
            {
              "CompressionType": "",
              "DataType": "",
              "DownloadTime": 31,
              "EventId": 33,
              "HttpStatus": 204,
              "Size": 0,
              "URL": "http://www.gstatic.com/generate_204"
            },
            {
              "CompressionType": "",
              "DataType": "",
              "DownloadTime": 31,
              "EventId": 21,
              "HttpStatus": 204,
              "Size": 0,
              "URL": "http://www.gstatic.com/generate_204"
            }
          ],
          "SSLCipher": "None",
          "SSLVersion": "None"
        }
      ],
      "IncludeInScript": true
    },
    {
      "DomainName": "googleapis.com",
      "Domains": [
        {
          "HTTPVersion": "HTTP/1.1",
          "IP": "142.250.205.227",
          "IncludeInScript": true,
          "Name": "update.googleapis.com",
          "Port": 80,
          "Requests": [
            {
              "CompressionType": "gzip",
              "DataType": "application/json",
              "DownloadTime": 281,
              "EventId": 340,
              "HttpStatus": 200,
              "Size": 923,
              "URL": "http://update.googleapis.com/service/update2/json?cup2key=13:1uwEIbZTxT-9gpxUBND2wFYTj45ADs6ckUK7ktVq8PM&cup2hreq=769899aa4d4e4428eef3582b54fe0f949a9b8c8a95b3118c24ce4e3fad25f9b7"
            }
          ],
          "SSLCipher": "None",
          "SSLVersion": "None"
        },
        {
          "HTTPVersion": "HTTP/1.1",
          "IP": "142.250.196.10",
          "IncludeInScript": true,
          "Name": "fonts.googleapis.com",
          "Port": 443,
          "Requests": [
            {
              "CompressionType": "gzip",
              "DataType": "text/css",
              "DownloadTime": 78,
              "EventId": 85,
              "HttpStatus": 200,
              "Size": 472,
              "URL": "https://fonts.googleapis.com/css2?family=DM+Mono:wght@400;500&family=DM+Sans:wght@400;500"
            }
          ],
          "SSLCipher": "TLS_AES_256_GCM_SHA384",
          "SSLVersion": "TLS1.3"
        },
        {
          "HTTPVersion": "HTTP/1.1",
          "IP": "142.250.195.35",
          "IncludeInScript": true,
          "Name": "clientservices.googleapis.com",
          "Port": 443,
          "Requests": [
            {
              "CompressionType": "",
              "DataType": "",
              "DownloadTime": 219,
              "EventId": 16,
              "HttpStatus": 304,
              "Size": 0,
              "URL": "https://clientservices.googleapis.com/chrome-variations/seed?osname=win&channel=stable&milestone=122"
            }
          ],
          "SSLCipher": "TLS_AES_256_GCM_SHA384",
          "SSLVersion": "TLS1.3"
        }
      ],
      "IncludeInScript": true
    },
    {
      "DomainName": "backtrace.io",
      "Domains": [
        {
          "HTTPVersion": "HTTP/1.1",
          "IP": "54.167.181.158",
          "IncludeInScript": true,
          "Name": "events.backtrace.io",
          "Port": 443,
          "Requests": [
            {
              "CompressionType": "",
              "DataType": "application/json",
              "DownloadTime": 453,
              "EventId": 369,
              "HttpStatus": 401,
              "Size": 53,
              "URL": "https://events.backtrace.io/api/unique-events/submit?universe=UNIVERSE&token=TOKEN"
            },
            {
              "CompressionType": "",
              "DataType": "application/json",
              "DownloadTime": 234,
              "EventId": 364,
              "HttpStatus": 401,
              "Size": 53,
              "URL": "https://events.backtrace.io/api/summed-events/submit?universe=UNIVERSE&token=TOKEN"
            },
            {
              "CompressionType": "",
              "DataType": "",
              "DownloadTime": 234,
              "EventId": 357,
              "HttpStatus": 200,
              "Size": 0,
              "URL": "https://events.backtrace.io/api/unique-events/submit?universe=UNIVERSE&token=TOKEN"
            },
            {
              "CompressionType": "",
              "DataType": "",
              "DownloadTime": 219,
              "EventId": 350,
              "HttpStatus": 200,
              "Size": 0,
              "URL": "https://events.backtrace.io/api/summed-events/submit?universe=UNIVERSE&token=TOKEN"
            },
            {
              "CompressionType": "",
              "DataType": "application/json",
              "DownloadTime": 453,
              "EventId": 178,
              "HttpStatus": 401,
              "Size": 53,
              "URL": "https://events.backtrace.io/api/unique-events/submit?universe=UNIVERSE&token=TOKEN"
            },
            {
              "CompressionType": "",
              "DataType": "application/json",
              "DownloadTime": 234,
              "EventId": 171,
              "HttpStatus": 401,
              "Size": 53,
              "URL": "https://events.backtrace.io/api/summed-events/submit?universe=UNIVERSE&token=TOKEN"
            },
            {
              "CompressionType": "",
              "DataType": "",
              "DownloadTime": 219,
              "EventId": 167,
              "HttpStatus": 200,
              "Size": 0,
              "URL": "https://events.backtrace.io/api/unique-events/submit?universe=UNIVERSE&token=TOKEN"
            },
            {
              "CompressionType": "",
              "DataType": "",
              "DownloadTime": 234,
              "EventId": 156,
              "HttpStatus": 200,
              "Size": 0,
              "URL": "https://events.backtrace.io/api/summed-events/submit?universe=UNIVERSE&token=TOKEN"
            },
            {
              "CompressionType": "",
              "DataType": "application/json",
              "DownloadTime": 454,
              "EventId": 143,
              "HttpStatus": 401,
              "Size": 53,
              "URL": "https://events.backtrace.io/api/unique-events/submit?universe=UNIVERSE&token=TOKEN"
            },
            {
              "CompressionType": "",
              "DataType": "application/json",
              "DownloadTime": 219,
              "EventId": 132,
              "HttpStatus": 401,
              "Size": 53,
              "URL": "https://events.backtrace.io/api/summed-events/submit?universe=UNIVERSE&token=TOKEN"
            },
            {
              "CompressionType": "",
              "DataType": "",
              "DownloadTime": 235,
              "EventId": 129,
              "HttpStatus": 200,
              "Size": 0,
              "URL": "https://events.backtrace.io/api/unique-events/submit?universe=UNIVERSE&token=TOKEN"
            },
            {
              "CompressionType": "",
              "DataType": "",
              "DownloadTime": 219,
              "EventId": 114,
              "HttpStatus": 200,
              "Size": 0,
              "URL": "https://events.backtrace.io/api/summed-events/submit?universe=UNIVERSE&token=TOKEN"
            }
          ],
          "SSLCipher": "ECDHE-RSA-AES128-GCM-SHA256",
          "SSLVersion": "TLS1.2"
        }
      ],
      "IncludeInScript": true
    }
  ],
  "WebSocket": {
    "IncludeInScript": false,
    "IsScriptIncludeWebSocket": false
  },
  "NumberOfCorrelations": 2
}