{
  "FilterHeaders": [
    {
      "Header": "x-goog-update-updater",
      "IncludeInScript": false
    },
    {
      "Header": "x-goog-update-interactivity",
      "IncludeInScript": false
    },
    {
      "Header": "x-goog-update-appid",
      "IncludeInScript": false
    },
    {
      "Header": "user-agent",
      "IncludeInScript": false
    },
    {
      "Header": "upgrade-insecure-requests",
      "IncludeInScript": false
    },
    {
      "Header": "service-worker",
      "IncludeInScript": false
    },
    {
      "Header": "sec-fetch-user",
      "IncludeInScript": false
    },
    {
      "Header": "sec-fetch-site",
      "IncludeInScript": false
    },
    {
      "Header": "sec-fetch-mode",
      "IncludeInScript": false
    },
    {
      "Header": "sec-fetch-dest",
      "IncludeInScript": false
    },
    {
      "Header": "sec-ch-ua-platform",
      "IncludeInScript": false
    },
    {
      "Header": "sec-ch-ua-mobile",
      "IncludeInScript": false
    },
    {
      "Header": "sec-ch-ua",
      "IncludeInScript": false
    },
    {
      "Header": "pragma",
      "IncludeInScript": false
    },
    {
      "Header": "origin",
      "IncludeInScript": false
    },
    {
      "Header": "if-none-match",
      "IncludeInScript": false
    },
    {
      "Header": "cache-control",
      "IncludeInScript": false
    },
    {
      "Header": "access-control-request-method",
      "IncludeInScript": false
    },
    {
      "Header": "access-control-request-headers",
      "IncludeInScript": false
    },
    {
      "Header": "accept-language",
      "IncludeInScript": false
    },
    {
      "Header": "accept-encoding",
      "IncludeInScript": false
    },
    {
      "Header": "accept",
      "IncludeInScript": false
    },
    {
      "Header": "a-im",
      "IncludeInScript": false
    }
  ],
  "FilterResources": [
    {
      "IsNonResource": true,
      "type": "text/html"
    },
    {
      "IsNonResource": false,
      "type": "text/css"
    },
    {
      "IsNonResource": false,
      "type": "image/vnd.microsoft.icon"
    },
    {
      "IsNonResource": false,
      "type": "image/svg+xml"
    },
    {
      "IsNonResource": false,
      "type": "image/png"
    },
    {
      "IsNonResource": false,
      "type": "image/jpeg"
    },
    {
      "IsNonResource": false,
      "type": "font/woff2"
    },
    {
      "IsNonResource": true,
      "type": "application/json"
    },
    {
      "IsNonResource": false,
      "type": "application/javascript"
    }
  ],
  "GeneralInfo": {
    "BrowserVersion": "",
    "IsWinInetMode": false,
    "MaxUsedConnections": 21,
    "RecordedBrowser": "Chrome",
    "RecordingDate": "Feb-26-2024",
    "RecordingDuration": 109297,
    "RecordingMode": "N/A",
    "RecordingTimeStamp": 1708934222,
    "RecordingType": "Browser",
    "TotalBytesReceived": 557541,
    "TotalBytesSent": 44970,
    "TotalRequests": 40,
    "UserAgent": "Mozilla/5.0 (Windows NT 10.0; Win64; x64) AppleWebKit/537.36 (KHTML, like Gecko) Chrome/122.0.0.0 Safari/537.36"
  },
  "HostInfo": [
    {
      "DomainName": "saucedemo.com",
      "Domains": [
        {
          "HTTPVersion": "HTTP/1.1",
          "IP": "185.199.111.153",
          "IncludeInScript": true,
          "Name": "www.saucedemo.com",
          "Port": 443,
          "Requests": [
            {
              "CompressionType": "",
              "DataType": "image/jpeg",
              "DownloadTime": 32,
              "EventId": 1285,
              "HttpStatus": 200,
              "Size": 65641,
              "URL": "https://www.saucedemo.com/static/media/sl-404.168b1cce.jpg"
            },
            {
              "CompressionType": "",
              "DataType": "image/jpeg",
              "DownloadTime": 46,
              "EventId": 1266,
              "HttpStatus": 200,
              "Size": 50028,
              "URL": "https://www.saucedemo.com/static/media/sauce-pullover-1200x1500.51d7ffaf.jpg"
            },
            {
              "CompressionType": "",
              "DataType": "image/jpeg",
              "DownloadTime": 47,
              "EventId": 1260,
              "HttpStatus": 200,
              "Size": 30463,
              "URL": "https://www.saucedemo.com/static/media/red-tatt-1200x1500.30dadef4.jpg"
            },
            {
              "CompressionType": "",
              "DataType": "image/jpeg",
              "DownloadTime": 31,
              "EventId": 1258,
              "HttpStatus": 200,
              "Size": 19681,
              "URL": "https://www.saucedemo.com/static/media/sauce-backpack-1200x1500.0a0b85a3.jpg"
            },
            {
              "CompressionType": "",
              "DataType": "image/png",
              "DownloadTime": 47,
              "EventId": 1237,
              "HttpStatus": 200,
              "Size": 48521,
              "URL": "https://www.saucedemo.com/static/media/pony-express.46394a5d.png"
            },
            {
              "CompressionType": "",
              "DataType": "image/jpeg",
              "DownloadTime": 47,
              "EventId": 1234,
              "HttpStatus": 200,
              "Size": 18574,
              "URL": "https://www.saucedemo.com/static/media/red-onesie-1200x1500.2ec615b2.jpg"
            },
            {
              "CompressionType": "gzip",
              "DataType": "image/svg+xml",
              "DownloadTime": 31,
              "EventId": 1231,
              "HttpStatus": 200,
              "Size": 355,
              "URL": "https://www.saucedemo.com/static/media/menu3x.52cc17a3.svg"
            },
            {
              "CompressionType": "gzip",
              "DataType": "image/svg+xml",
              "DownloadTime": 62,
              "EventId": 1226,
              "HttpStatus": 200,
              "Size": 527,
              "URL": "https://www.saucedemo.com/static/media/cart3x.3669d74a.svg"
            },
            {
              "CompressionType": "gzip",
              "DataType": "image/svg+xml",
              "DownloadTime": 62,
              "EventId": 1224,
              "HttpStatus": 200,
              "Size": 345,
              "URL": "https://www.saucedemo.com/static/media/close@3x.a30a8a1d.svg"
            },
            {
              "CompressionType": "gzip",
              "DataType": "image/svg+xml",
              "DownloadTime": 47,
              "EventId": 1222,
              "HttpStatus": 200,
              "Size": 279,
              "URL": "https://www.saucedemo.com/static/media/filter3x.2943df5b.svg"
            },
            {
              "CompressionType": "gzip",
              "DataType": "image/svg+xml",
              "DownloadTime": 78,
              "EventId": 1207,
              "HttpStatus": 200,
              "Size": 234,
              "URL": "https://www.saucedemo.com/static/media/arrow3x.4b825b78.svg"
            },
            {
              "CompressionType": "",
              "DataType": "image/jpeg",
              "DownloadTime": 63,
              "EventId": 1205,
              "HttpStatus": 200,
              "Size": 11975,
              "URL": "https://www.saucedemo.com/static/media/bike-light-1200x1500.37c843b0.jpg"
            },
            {
              "CompressionType": "",
              "DataType": "image/jpeg",
              "DownloadTime": 63,
              "EventId": 1203,
              "HttpStatus": 200,
              "Size": 14983,
              "URL": "https://www.saucedemo.com/static/media/bolt-shirt-1200x1500.c2599ac5.jpg"
            },
            {
              "CompressionType": "gzip",
              "DataType": "application/javascript",
              "DownloadTime": 31,
              "EventId": 1200,
              "HttpStatus": 200,
              "Size": 776,
              "URL": "https://www.saucedemo.com/static/js/runtime-main.7bfd0a48.js"
            },
            {
              "CompressionType": "gzip",
              "DataType": "text/html",
              "DownloadTime": 46,
              "EventId": 1197,
              "HttpStatus": 200,
              "Size": 1299,
              "URL": "https://www.saucedemo.com/index.html"
            },
            {
              "CompressionType": "gzip",
              "DataType": "image/vnd.microsoft.icon",
              "DownloadTime": 32,
              "EventId": 1188,
              "HttpStatus": 200,
              "Size": 2138,
              "URL": "https://www.saucedemo.com/favicon.ico"
            },
            {
              "CompressionType": "gzip",
              "DataType": "application/javascript",
              "DownloadTime": 47,
              "EventId": 1182,
              "HttpStatus": 200,
              "Size": 13467,
              "URL": "https://www.saucedemo.com/service-worker.js"
            },
            {
              "CompressionType": "gzip",
              "DataType": "application/javascript",
              "DownloadTime": 62,
              "EventId": 1068,
              "HttpStatus": 200,
              "Size": 21411,
              "URL": "https://www.saucedemo.com/static/js/main.9735b7ab.chunk.js"
            },
            {
              "CompressionType": "gzip",
              "DataType": "application/javascript",
              "DownloadTime": 63,
              "EventId": 1051,
              "HttpStatus": 200,
              "Size": 175755,
              "URL": "https://www.saucedemo.com/static/js/2.9b02e67e.chunk.js"
            },
            {
              "CompressionType": "gzip",
              "DataType": "text/css",
              "DownloadTime": 31,
              "EventId": 1034,
              "HttpStatus": 200,
              "Size": 11075,
              "URL": "https://www.saucedemo.com/static/css/main.d9c3792d.chunk.css"
            },
            {
              "CompressionType": "gzip",
              "DataType": "text/html",
              "DownloadTime": 47,
              "EventId": 1025,
              "HttpStatus": 200,
              "Size": 1299,
              "URL": "https://www.saucedemo.com/"
            }
          ],
          "SSLCipher": "TLS_AES_128_GCM_SHA256",
          "SSLVersion": "TLS1.3"
        }
      ],
      "IncludeInScript": true
    },
    {
      "DomainName": "gstatic.com",
      "Domains": [
        {
          "HTTPVersion": "HTTP/1.1",
          "IP": "142.250.182.99",
          "IncludeInScript": true,
          "Name": "fonts.gstatic.com",
          "Port": 443,
          "Requests": [
            {
              "CompressionType": "",
              "DataType": "font/woff2",
              "DownloadTime": 31,
              "EventId": 1167,
              "HttpStatus": 200,
              "Size": 15024,
              "URL": "https://fonts.gstatic.com/s/dmmono/v14/aFTR7PB1QTsUX8KYvumzEYOtbQ.woff2"
            },
            {
              "CompressionType": "",
              "DataType": "font/woff2",
              "DownloadTime": 47,
              "EventId": 1152,
              "HttpStatus": 200,
              "Size": 14872,
              "URL": "https://fonts.gstatic.com/s/dmmono/v14/aFTU7PB1QTsUX8KYthqQBA.woff2"
            },
            {
              "CompressionType": "",
              "DataType": "font/woff2",
              "DownloadTime": 47,
              "EventId": 1119,
              "HttpStatus": 200,
              "Size": 37000,
              "URL": "https://fonts.gstatic.com/s/dmsans/v14/rP2Yp2ywxg089UriI5-g4vlH9VoD8Cmcqbu0-K4.woff2"
            }
          ],
          "SSLCipher": "TLS_AES_256_GCM_SHA384",
          "SSLVersion": "TLS1.3"
        }
      ],
      "IncludeInScript": true
    },
    {
      "DomainName": "googleapis.com",
      "Domains": [
        {
          "HTTPVersion": "HTTP/1.1",
          "IP": "142.250.205.227",
          "IncludeInScript": true,
          "Name": "update.googleapis.com",
          "Port": 443,
          "Requests": [
            {
              "CompressionType": "gzip",
              "DataType": "application/json",
              "DownloadTime": 282,
              "EventId": 1404,
              "HttpStatus": 200,
              "Size": 922,
              "URL": "https://update.googleapis.com/service/update2/json?cup2key=13:HC0LVFIx8AnMnnUSF9dFigbxf1Ay5bEPnDBFC7KjdME&cup2hreq=cb0e8c8aed786a195f1255da8850576d1aa88fc6399f52e6edfc7fade6f9fb4d"
            }
          ],
          "SSLCipher": "TLS_AES_256_GCM_SHA384",
          "SSLVersion": "TLS1.3"
        },
        {
          "HTTPVersion": "HTTP/1.1",
          "IP": "142.250.196.10",
          "IncludeInScript": true,
          "Name": "fonts.googleapis.com",
          "Port": 443,
          "Requests": [
            {
              "CompressionType": "gzip",
              "DataType": "text/css",
              "DownloadTime": 62,
              "EventId": 1097,
              "HttpStatus": 200,
              "Size": 472,
              "URL": "https://fonts.googleapis.com/css2?family=DM+Mono:wght@400;500&family=DM+Sans:wght@400;500"
            }
          ],
          "SSLCipher": "TLS_AES_256_GCM_SHA384",
          "SSLVersion": "TLS1.3"
        },
        {
          "HTTPVersion": "HTTP/1.1",
          "IP": "142.250.195.35",
          "IncludeInScript": true,
          "Name": "clientservices.googleapis.com",
          "Port": 443,
          "Requests": [
            {
              "CompressionType": "",
              "DataType": "",
              "DownloadTime": 219,
              "EventId": 1047,
              "HttpStatus": 304,
              "Size": 0,
              "URL": "https://clientservices.googleapis.com/chrome-variations/seed?osname=win&channel=stable&milestone=122"
            }
          ],
          "SSLCipher": "",
          "SSLVersion": ""
        }
      ],
      "IncludeInScript": true
    },
    {
      "DomainName": "backtrace.io",
      "Domains": [
        {
          "HTTPVersion": "HTTP/1.1",
          "IP": "54.199.214.231",
          "IncludeInScript": true,
          "Name": "submit.backtrace.io",
          "Port": 443,
          "Requests": [
            {
              "CompressionType": "",
              "DataType": "text/html",
              "DownloadTime": 3797,
              "EventId": 1398,
              "HttpStatus": 503,
              "Size": 107,
              "URL": "https://submit.backtrace.io/UNIVERSE/TOKEN/json"
            }
          ],
          "SSLCipher": "",
          "SSLVersion": ""
        },
        {
          "HTTPVersion": "HTTP/1.1",
          "IP": "54.167.181.158",
          "IncludeInScript": true,
          "Name": "events.backtrace.io",
          "Port": 443,
          "Requests": [
            {
              "CompressionType": "",
              "DataType": "application/json",
              "DownloadTime": 235,
              "EventId": 1395,
              "HttpStatus": 401,
              "Size": 53,
              "URL": "https://events.backtrace.io/api/summed-events/submit?universe=UNIVERSE&token=TOKEN"
            },
            {
              "CompressionType": "",
              "DataType": "application/json",
              "DownloadTime": 454,
              "EventId": 1390,
              "HttpStatus": 401,
              "Size": 53,
              "URL": "https://events.backtrace.io/api/unique-events/submit?universe=UNIVERSE&token=TOKEN"
            },
            {
              "CompressionType": "",
              "DataType": "",
              "DownloadTime": 235,
              "EventId": 1382,
              "HttpStatus": 200,
              "Size": 0,
              "URL": "https://events.backtrace.io/api/summed-events/submit?universe=UNIVERSE&token=TOKEN"
            },
            {
              "CompressionType": "",
              "DataType": "",
              "DownloadTime": 235,
              "EventId": 1370,
              "HttpStatus": 200,
              "Size": 0,
              "URL": "https://events.backtrace.io/api/unique-events/submit?universe=UNIVERSE&token=TOKEN"
            },
            {
              "CompressionType": "",
              "DataType": "application/json",
              "DownloadTime": 219,
              "EventId": 1357,
              "HttpStatus": 401,
              "Size": 53,
              "URL": "https://events.backtrace.io/api/summed-events/submit?universe=UNIVERSE&token=TOKEN"
            },
            {
              "CompressionType": "",
              "DataType": "application/json",
              "DownloadTime": 422,
              "EventId": 1352,
              "HttpStatus": 401,
              "Size": 53,
              "URL": "https://events.backtrace.io/api/unique-events/submit?universe=UNIVERSE&token=TOKEN"
            },
            {
              "CompressionType": "",
              "DataType": "",
              "DownloadTime": 250,
              "EventId": 1345,
              "HttpStatus": 200,
              "Size": 0,
              "URL": "https://events.backtrace.io/api/summed-events/submit?universe=UNIVERSE&token=TOKEN"
            },
            {
              "CompressionType": "",
              "DataType": "",
              "DownloadTime": 235,
              "EventId": 1338,
              "HttpStatus": 200,
              "Size": 0,
              "URL": "https://events.backtrace.io/api/unique-events/submit?universe=UNIVERSE&token=TOKEN"
            },
            {
              "CompressionType": "",
              "DataType": "application/json",
              "DownloadTime": 235,
              "EventId": 1313,
              "HttpStatus": 401,
              "Size": 53,
              "URL": "https://events.backtrace.io/api/summed-events/submit?universe=UNIVERSE&token=TOKEN"
            },
            {
              "CompressionType": "",
              "DataType": "application/json",
              "DownloadTime": 469,
              "EventId": 1293,
              "HttpStatus": 401,
              "Size": 53,
              "URL": "https://events.backtrace.io/api/unique-events/submit?universe=UNIVERSE&token=TOKEN"
            },
            {
              "CompressionType": "",
              "DataType": "",
              "DownloadTime": 235,
              "EventId": 1185,
              "HttpStatus": 200,
              "Size": 0,
              "URL": "https://events.backtrace.io/api/summed-events/submit?universe=UNIVERSE&token=TOKEN"
            },
            {
              "CompressionType": "",
              "DataType": "",
              "DownloadTime": 219,
              "EventId": 1180,
              "HttpStatus": 200,
              "Size": 0,
              "URL": "https://events.backtrace.io/api/unique-events/submit?universe=UNIVERSE&token=TOKEN"
            }
          ],
          "SSLCipher": "ECDHE-RSA-AES128-GCM-SHA256",
          "SSLVersion": "TLS1.2"
        }
      ],
      "IncludeInScript": true
    }
  ],
  "WebSocket": {
    "IncludeInScript": false,
    "IsScriptIncludeWebSocket": false
  },
  "NumberOfCorrelations": 2
}